{"count":1,"gauges":{},"self":73.6621248,"total":73.7663118,"children":{"AgentSendState":{"count":3594,"self":0.041791299999999997,"total":0.0477127,"children":{"CollectObservations":{"count":360,"self":0.0049533,"total":0.0049533,"children":null},"CollectDiscreteActionMasks":{"count":360,"self":0.0009681,"total":0.0009681,"children":null}}},"DecideAction":{"count":3594,"self":0.012065699999999999,"total":0.012065699999999999,"children":null},"AgentAct":{"count":3594,"self":0.0434158,"total":0.0434158,"children":null}}}