{"count":1,"gauges":{"RobotBrain.CumulativeReward":{"count":5,"max":1,"min":-1,"value":1,"weightedAverage":0.4140625}},"self":64.630297599999992,"total":65.851525299999992,"children":{"AgentSendState":{"count":3199,"self":0.0626594,"total":0.0706931,"children":{"CollectObservations":{"count":320,"self":0.0060387,"total":0.0060387,"children":null},"CollectDiscreteActionMasks":{"count":320,"self":0.001995,"total":0.001995,"children":null}}},"DecideAction":{"count":3199,"self":1.0926985999999999,"total":1.0926985999999999,"children":null},"AgentAct":{"count":3199,"self":0.056873099999999996,"total":0.056873099999999996,"children":null}}}